location_id,month_start,operating_cost
1,2024-01-01,3594
2,2024-01-01,3908
3,2024-01-01,4365
4,2024-01-01,5162
1,2024-02-01,3604
2,2024-02-01,4204
3,2024-02-01,4540
4,2024-02-01,4993
1,2024-03-01,3350
2,2024-03-01,3884
3,2024-03-01,4625
4,2024-03-01,5203
1,2024-04-01,3353
2,2024-04-01,3921
3,2024-04-01,4315
4,2024-04-01,4766
1,2024-05-01,3539
2,2024-05-01,4243
3,2024-05-01,4421
4,2024-05-01,5065
1,2024-06-01,3619
2,2024-06-01,3751
3,2024-06-01,4480
4,2024-06-01,5232
1,2024-07-01,3301
2,2024-07-01,3845
3,2024-07-01,4717
4,2024-07-01,4933
1,2024-08-01,3665
2,2024-08-01,3995
3,2024-08-01,4439
4,2024-08-01,5005
1,2024-09-01,3523
2,2024-09-01,4236
3,2024-09-01,4688
4,2024-09-01,4807
1,2024-10-01,3493
2,2024-10-01,4118
3,2024-10-01,7958
4,2024-10-01,5207
1,2024-11-01,3726
2,2024-11-01,3782
3,2024-11-01,8142
4,2024-11-01,4829
1,2024-12-01,3533
2,2024-12-01,3869
3,2024-12-01,8366
4,2024-12-01,4941
1,2025-01-01,3318
2,2025-01-01,4167
3,2025-01-01,9063
4,2025-01-01,4763
1,2025-02-01,3492
2,2025-02-01,3958
3,2025-02-01,9325
4,2025-02-01,5192
1,2025-03-01,3656
2,2025-03-01,3854
3,2025-03-01,9350
4,2025-03-01,5215
1,2025-04-01,3644
2,2025-04-01,4133
3,2025-04-01,9578
4,2025-04-01,4792
1,2025-05-01,3448
2,2025-05-01,3969
3,2025-05-01,10144
4,2025-05-01,4918
1,2025-06-01,3650
2,2025-06-01,4063
3,2025-06-01,10332
4,2025-06-01,5138
