order_id,order_date,customer_id,location_id
1,2024-01-01,38,2
2,2024-01-23,184,2
3,2024-01-15,194,3
4,2024-01-05,36,1
5,2024-01-14,214,2
6,2024-01-15,216,2
7,2024-01-11,98,3
8,2024-01-01,121,1
9,2024-01-01,194,1
10,2024-01-12,197,3
11,2024-01-19,20,2
12,2024-01-21,130,1
13,2024-01-28,83,3
14,2024-01-11,218,4
15,2024-01-08,22,2
16,2024-01-23,91,3
17,2024-01-08,76,2
18,2024-01-10,147,1
19,2024-01-08,22,3
20,2024-01-15,116,4
21,2024-01-01,41,1
22,2024-01-09,233,2
23,2024-01-13,180,3
24,2024-01-17,121,2
25,2024-01-25,209,4
26,2024-01-13,198,1
27,2024-01-25,160,3
28,2024-01-08,24,4
29,2024-01-23,131,3
30,2024-01-26,88,4
31,2024-01-07,223,3
32,2024-01-02,127,2
33,2024-01-16,20,2
34,2024-01-22,162,2
35,2024-01-12,92,3
36,2024-01-22,66,4
37,2024-01-10,151,3
38,2024-01-20,234,1
39,2024-01-10,233,1
40,2024-01-04,206,3
41,2024-01-22,28,3
42,2024-01-14,167,3
43,2024-01-04,30,4
44,2024-01-16,214,1
45,2024-01-22,24,4
46,2024-01-07,151,2
47,2024-01-28,170,1
48,2024-01-11,151,2
49,2024-01-04,135,4
50,2024-01-17,116,1
51,2024-01-04,176,4
52,2024-01-15,111,2
53,2024-01-05,96,3
54,2024-01-19,27,3
55,2024-01-08,147,3
56,2024-01-06,88,4
57,2024-01-09,107,4
58,2024-01-02,154,4
59,2024-01-11,75,3
60,2024-01-23,137,4
61,2024-01-11,221,1
62,2024-01-28,102,1
63,2024-01-04,61,2
64,2024-01-19,175,4
65,2024-01-02,10,4
66,2024-01-04,116,1
67,2024-01-21,203,1
68,2024-01-12,235,2
69,2024-01-16,197,3
70,2024-01-13,153,2
71,2024-01-20,114,2
72,2024-01-27,42,4
73,2024-01-03,73,1
74,2024-01-02,107,1
75,2024-01-20,115,4
76,2024-01-24,141,2
77,2024-01-05,184,2
78,2024-01-21,12,4
79,2024-01-25,213,2
80,2024-01-12,74,2
81,2024-01-13,228,4
82,2024-01-22,84,1
83,2024-01-22,20,1
84,2024-01-15,96,3
85,2024-01-04,64,3
86,2024-01-25,68,1
87,2024-01-26,23,4
88,2024-01-12,7,4
89,2024-01-11,33,1
90,2024-01-05,197,2
91,2024-01-21,129,1
92,2024-01-07,167,3
93,2024-01-11,53,4
94,2024-01-09,32,4
95,2024-01-01,128,3
96,2024-01-12,150,2
97,2024-01-18,74,4
98,2024-01-13,196,3
99,2024-01-04,33,1
100,2024-01-20,84,2
101,2024-01-10,150,4
102,2024-01-17,44,4
103,2024-01-05,181,1
104,2024-01-16,157,3
105,2024-01-16,82,4
106,2024-01-15,89,1
107,2024-01-08,164,2
108,2024-01-25,175,1
109,2024-01-10,83,3
110,2024-01-06,234,1
111,2024-01-06,85,1
112,2024-01-09,2,2
113,2024-01-04,177,3
114,2024-01-08,196,2
115,2024-01-27,16,1
116,2024-01-17,24,4
117,2024-01-03,180,3
118,2024-01-05,197,2
119,2024-01-01,214,2
120,2024-01-15,64,2
121,2024-01-20,115,1
122,2024-01-28,194,2
123,2024-01-20,148,3
124,2024-01-22,165,3
125,2024-01-08,100,2
126,2024-01-25,206,2
127,2024-01-25,192,1
128,2024-01-27,195,4
129,2024-01-19,98,2
130,2024-01-05,44,3
131,2024-01-18,2,1
132,2024-01-13,204,3
133,2024-01-22,77,2
134,2024-01-21,15,4
135,2024-01-28,145,3
136,2024-02-03,12,3
137,2024-02-25,99,3
138,2024-02-11,199,4
139,2024-02-06,111,4
140,2024-02-05,27,3
141,2024-02-01,27,4
142,2024-02-13,222,3
143,2024-02-17,147,2
144,2024-02-14,71,4
145,2024-02-20,216,3
146,2024-02-26,148,4
147,2024-02-18,152,2
148,2024-02-10,163,2
149,2024-02-02,140,4
150,2024-02-08,67,1
151,2024-02-03,107,3
152,2024-02-16,134,2
153,2024-02-24,239,2
154,2024-02-21,48,2
155,2024-02-22,68,1
156,2024-02-23,96,2
157,2024-02-06,143,2
158,2024-02-23,107,4
159,2024-02-18,199,3
160,2024-02-28,113,1
161,2024-02-20,43,4
162,2024-02-19,75,3
163,2024-02-14,161,3
164,2024-02-14,56,4
165,2024-02-11,202,4
166,2024-02-07,110,1
167,2024-02-13,14,2
168,2024-02-03,123,2
169,2024-02-22,165,2
170,2024-02-14,236,2
171,2024-02-28,218,1
172,2024-02-01,136,1
173,2024-02-10,130,4
174,2024-02-08,15,2
175,2024-02-22,80,1
176,2024-02-12,43,3
177,2024-02-15,128,1
178,2024-02-13,94,4
179,2024-02-12,147,1
180,2024-02-03,103,1
181,2024-02-08,7,4
182,2024-02-09,183,2
183,2024-02-24,118,3
184,2024-02-19,20,4
185,2024-02-26,238,3
186,2024-02-07,198,3
187,2024-02-27,67,3
188,2024-02-01,32,2
189,2024-02-21,176,3
190,2024-02-21,232,2
191,2024-02-20,9,2
192,2024-02-07,108,2
193,2024-02-11,7,2
194,2024-02-04,41,2
195,2024-02-08,46,2
196,2024-02-02,24,1
197,2024-02-17,217,1
198,2024-02-18,182,2
199,2024-02-26,236,3
200,2024-02-03,163,2
201,2024-02-14,43,4
202,2024-02-03,141,1
203,2024-02-18,179,4
204,2024-02-04,52,4
205,2024-02-04,217,4
206,2024-02-15,113,3
207,2024-02-17,210,4
208,2024-02-22,21,4
209,2024-02-19,38,2
210,2024-02-14,225,3
211,2024-02-08,177,3
212,2024-02-23,220,4
213,2024-02-27,199,4
214,2024-02-25,35,4
215,2024-02-15,9,2
216,2024-02-13,130,4
217,2024-02-28,46,4
218,2024-02-05,122,1
219,2024-02-09,118,3
220,2024-02-22,77,3
221,2024-02-09,221,3
222,2024-02-14,233,3
223,2024-02-26,186,3
224,2024-02-28,119,3
225,2024-02-04,129,2
226,2024-02-21,81,2
227,2024-02-25,148,2
228,2024-02-02,2,4
229,2024-02-23,58,2
230,2024-02-22,112,3
231,2024-02-24,55,2
232,2024-02-21,97,1
233,2024-02-23,53,2
234,2024-02-20,160,3
235,2024-02-17,213,3
236,2024-02-22,4,1
237,2024-02-17,200,1
238,2024-02-15,68,3
239,2024-02-22,206,3
240,2024-02-24,225,3
241,2024-02-09,117,4
242,2024-02-16,124,2
243,2024-02-23,4,3
244,2024-02-27,39,4
245,2024-02-25,20,2
246,2024-02-11,115,4
247,2024-02-18,143,1
248,2024-02-22,168,2
249,2024-02-17,141,3
250,2024-02-11,184,2
251,2024-02-22,118,4
252,2024-02-19,178,2
253,2024-02-13,71,2
254,2024-02-12,176,3
255,2024-02-24,173,4
256,2024-02-26,177,1
257,2024-02-13,238,1
258,2024-02-02,97,1
259,2024-02-26,19,3
260,2024-02-25,56,3
261,2024-02-02,125,4
262,2024-02-27,138,2
263,2024-02-11,111,4
264,2024-02-24,194,1
265,2024-02-03,156,3
266,2024-02-22,77,2
267,2024-02-14,55,3
268,2024-02-25,218,1
269,2024-02-22,158,3
270,2024-02-24,174,2
271,2024-03-03,187,1
272,2024-03-02,233,2
273,2024-03-26,218,2
274,2024-03-03,60,4
275,2024-03-24,214,3
276,2024-03-26,125,3
277,2024-03-22,124,1
278,2024-03-13,133,2
279,2024-03-16,223,4
280,2024-03-15,237,3
281,2024-03-17,52,1
282,2024-03-17,179,1
283,2024-03-01,134,1
284,2024-03-12,46,4
285,2024-03-03,206,1
286,2024-03-13,186,1
287,2024-03-09,23,2
288,2024-03-14,45,3
289,2024-03-17,206,1
290,2024-03-26,163,4
291,2024-03-24,173,4
292,2024-03-09,224,2
293,2024-03-22,174,1
294,2024-03-17,14,2
295,2024-03-18,48,3
296,2024-03-15,72,4
297,2024-03-26,38,2
298,2024-03-18,65,3
299,2024-03-27,122,3
300,2024-03-01,89,3
301,2024-03-21,108,3
302,2024-03-01,219,2
303,2024-03-02,141,4
304,2024-03-21,22,2
305,2024-03-15,141,3
306,2024-03-08,139,4
307,2024-03-01,78,2
308,2024-03-16,177,1
309,2024-03-08,161,4
310,2024-03-11,49,4
311,2024-03-09,73,1
312,2024-03-26,202,3
313,2024-03-25,99,2
314,2024-03-12,51,3
315,2024-03-06,4,3
316,2024-03-12,16,1
317,2024-03-02,65,2
318,2024-03-12,139,3
319,2024-03-10,157,2
320,2024-03-19,9,1
321,2024-03-02,136,3
322,2024-03-24,26,1
323,2024-03-04,192,4
324,2024-03-11,141,3
325,2024-03-05,133,1
326,2024-03-09,36,2
327,2024-03-27,125,2
328,2024-03-25,236,1
329,2024-03-19,139,3
330,2024-03-13,202,3
331,2024-03-14,129,4
332,2024-03-14,199,3
333,2024-03-05,160,4
334,2024-03-15,79,1
335,2024-03-23,203,2
336,2024-03-07,48,1
337,2024-03-02,208,3
338,2024-03-10,110,2
339,2024-03-19,168,2
340,2024-03-10,106,4
341,2024-03-17,35,4
342,2024-03-20,222,4
343,2024-03-18,133,2
344,2024-03-27,119,2
345,2024-03-24,184,2
346,2024-03-23,135,1
347,2024-03-05,231,1
348,2024-03-14,117,4
349,2024-03-04,13,1
350,2024-03-16,75,1
351,2024-03-24,124,1
352,2024-03-10,182,2
353,2024-03-18,90,3
354,2024-03-01,197,3
355,2024-03-06,214,1
356,2024-03-28,229,4
357,2024-03-05,17,3
358,2024-03-03,106,3
359,2024-03-11,49,2
360,2024-03-15,86,1
361,2024-03-10,50,2
362,2024-03-23,37,3
363,2024-03-14,23,1
364,2024-03-08,121,4
365,2024-03-16,117,3
366,2024-03-06,217,4
367,2024-03-20,62,4
368,2024-03-26,146,4
369,2024-03-20,18,4
370,2024-03-07,24,1
371,2024-03-19,77,3
372,2024-03-01,222,3
373,2024-03-06,170,2
374,2024-03-05,22,2
375,2024-03-17,183,2
376,2024-03-20,134,1
377,2024-03-02,157,3
378,2024-03-26,187,3
379,2024-03-05,65,3
380,2024-03-06,125,2
381,2024-03-16,215,2
382,2024-03-22,98,2
383,2024-03-21,157,4
384,2024-03-18,81,2
385,2024-03-15,176,1
386,2024-03-28,23,1
387,2024-03-15,164,1
388,2024-03-15,46,3
389,2024-03-05,28,4
390,2024-03-23,39,3
391,2024-03-22,86,3
392,2024-03-07,170,4
393,2024-03-18,203,1
394,2024-03-28,174,4
395,2024-03-23,63,1
396,2024-03-27,210,1
397,2024-03-11,110,2
398,2024-03-04,35,1
399,2024-03-06,62,4
400,2024-03-14,90,3
401,2024-03-12,159,1
402,2024-03-02,172,2
403,2024-03-26,158,3
404,2024-03-25,59,3
405,2024-03-07,223,4
406,2024-04-05,72,1
407,2024-04-10,57,3
408,2024-04-24,4,3
409,2024-04-26,123,4
410,2024-04-24,178,1
411,2024-04-15,161,3
412,2024-04-25,110,3
413,2024-04-12,94,1
414,2024-04-24,193,2
415,2024-04-16,116,3
416,2024-04-22,205,3
417,2024-04-03,74,2
418,2024-04-28,39,4
419,2024-04-07,75,1
420,2024-04-21,168,3
421,2024-04-12,38,1
422,2024-04-05,148,3
423,2024-04-11,118,2
424,2024-04-19,205,2
425,2024-04-17,150,2
426,2024-04-20,155,3
427,2024-04-13,95,4
428,2024-04-14,187,4
429,2024-04-09,164,4
430,2024-04-01,58,4
431,2024-04-21,32,4
432,2024-04-09,223,4
433,2024-04-10,13,3
434,2024-04-18,25,3
435,2024-04-07,213,2
436,2024-04-01,237,2
437,2024-04-14,21,2
438,2024-04-04,51,1
439,2024-04-10,17,1
440,2024-04-22,48,2
441,2024-04-07,136,1
442,2024-04-22,113,2
443,2024-04-04,105,2
444,2024-04-15,73,4
445,2024-04-17,113,4
446,2024-04-06,190,1
447,2024-04-08,32,4
448,2024-04-21,60,4
449,2024-04-10,40,3
450,2024-04-22,76,2
451,2024-04-22,143,2
452,2024-04-02,130,2
453,2024-04-14,92,3
454,2024-04-11,138,1
455,2024-04-01,151,4
456,2024-04-20,43,3
457,2024-04-28,184,1
458,2024-04-07,110,4
459,2024-04-16,148,2
460,2024-04-05,62,2
461,2024-04-08,104,2
462,2024-04-16,119,3
463,2024-04-20,81,1
464,2024-04-20,61,1
465,2024-04-14,240,2
466,2024-04-18,126,1
467,2024-04-24,216,1
468,2024-04-26,232,3
469,2024-04-27,240,1
470,2024-04-25,211,1
471,2024-04-13,1,2
472,2024-04-11,203,4
473,2024-04-03,233,2
474,2024-04-27,221,2
475,2024-04-10,8,2
476,2024-04-07,176,4
477,2024-04-06,149,1
478,2024-04-16,33,1
479,2024-04-05,196,4
480,2024-04-16,118,4
481,2024-04-27,47,3
482,2024-04-25,64,1
483,2024-04-02,85,1
484,2024-04-01,23,4
485,2024-04-26,189,4
486,2024-04-12,208,4
487,2024-04-16,239,2
488,2024-04-05,77,4
489,2024-04-14,131,1
490,2024-04-19,81,3
491,2024-04-22,223,4
492,2024-04-08,167,2
493,2024-04-21,27,1
494,2024-04-16,228,4
495,2024-04-06,6,4
496,2024-04-27,107,4
497,2024-04-10,127,4
498,2024-04-28,212,2
499,2024-04-18,31,2
500,2024-04-02,181,1
501,2024-04-28,188,4
502,2024-04-07,218,1
503,2024-04-08,202,4
504,2024-04-26,184,1
505,2024-04-02,112,2
506,2024-04-12,179,4
507,2024-04-01,6,2
508,2024-04-10,115,1
509,2024-04-10,90,2
510,2024-04-05,228,4
511,2024-04-23,125,2
512,2024-04-12,31,2
513,2024-04-04,1,4
514,2024-04-15,195,4
515,2024-04-21,147,1
516,2024-04-07,202,3
517,2024-04-01,107,2
518,2024-04-06,174,4
519,2024-04-04,100,3
520,2024-04-11,16,3
521,2024-04-08,201,2
522,2024-04-06,12,3
523,2024-04-18,186,2
524,2024-04-23,5,3
525,2024-04-01,138,1
526,2024-04-09,195,1
527,2024-04-07,2,2
528,2024-04-22,178,1
529,2024-04-12,127,4
530,2024-04-01,81,4
531,2024-04-26,152,1
532,2024-04-04,149,4
533,2024-04-05,201,1
534,2024-04-04,17,4
535,2024-04-28,60,4
536,2024-04-21,87,1
537,2024-04-01,27,1
538,2024-04-14,91,3
539,2024-04-12,75,3
540,2024-04-12,109,1
541,2024-05-11,108,3
542,2024-05-16,62,2
543,2024-05-21,50,4
544,2024-05-27,46,1
545,2024-05-23,225,4
546,2024-05-13,137,2
547,2024-05-05,224,3
548,2024-05-09,122,4
549,2024-05-15,76,1
550,2024-05-06,7,4
551,2024-05-10,65,3
552,2024-05-21,121,1
553,2024-05-27,185,4
554,2024-05-08,87,3
555,2024-05-04,122,2
556,2024-05-02,117,1
557,2024-05-28,100,1
558,2024-05-07,71,4
559,2024-05-11,135,2
560,2024-05-19,179,2
561,2024-05-21,71,2
562,2024-05-02,130,2
563,2024-05-15,183,2
564,2024-05-24,137,1
565,2024-05-02,114,3
566,2024-05-08,233,3
567,2024-05-06,186,2
568,2024-05-21,144,3
569,2024-05-01,45,3
570,2024-05-18,183,1
571,2024-05-22,218,3
572,2024-05-03,159,2
573,2024-05-07,97,2
574,2024-05-09,35,3
575,2024-05-22,233,1
576,2024-05-07,18,4
577,2024-05-17,61,2
578,2024-05-14,63,2
579,2024-05-13,102,3
580,2024-05-18,153,3
581,2024-05-11,19,4
582,2024-05-24,102,4
583,2024-05-25,66,4
584,2024-05-05,175,4
585,2024-05-10,151,4
586,2024-05-23,48,3
587,2024-05-06,192,1
588,2024-05-09,32,4
589,2024-05-02,3,1
590,2024-05-27,81,3
591,2024-05-04,155,1
592,2024-05-24,207,1
593,2024-05-05,183,2
594,2024-05-15,44,4
595,2024-05-22,193,2
596,2024-05-13,232,3
597,2024-05-23,234,4
598,2024-05-13,217,2
599,2024-05-11,154,1
600,2024-05-24,218,2
601,2024-05-22,109,3
602,2024-05-23,114,2
603,2024-05-02,46,4
604,2024-05-02,63,4
605,2024-05-24,168,2
606,2024-05-19,204,1
607,2024-05-27,104,2
608,2024-05-25,193,1
609,2024-05-09,144,1
610,2024-05-22,109,2
611,2024-05-18,169,3
612,2024-05-12,152,2
613,2024-05-14,174,3
614,2024-05-26,81,2
615,2024-05-01,71,2
616,2024-05-17,45,1
617,2024-05-12,47,4
618,2024-05-12,113,2
619,2024-05-24,22,1
620,2024-05-14,183,1
621,2024-05-13,127,4
622,2024-05-09,76,4
623,2024-05-12,15,4
624,2024-05-24,90,1
625,2024-05-04,106,2
626,2024-05-12,2,4
627,2024-05-07,171,2
628,2024-05-22,197,1
629,2024-05-25,22,4
630,2024-05-04,59,2
631,2024-05-02,222,1
632,2024-05-14,183,3
633,2024-05-20,233,3
634,2024-05-10,86,3
635,2024-05-25,191,3
636,2024-05-04,237,4
637,2024-05-24,137,2
638,2024-05-23,162,4
639,2024-05-20,43,1
640,2024-05-25,144,4
641,2024-05-04,142,3
642,2024-05-08,165,1
643,2024-05-05,185,3
644,2024-05-15,210,2
645,2024-05-05,95,4
646,2024-05-08,110,1
647,2024-05-21,37,3
648,2024-05-05,52,1
649,2024-05-08,7,2
650,2024-05-03,93,1
651,2024-05-14,174,2
652,2024-05-23,208,3
653,2024-05-24,115,4
654,2024-05-26,155,4
655,2024-05-19,135,4
656,2024-05-28,93,3
657,2024-05-05,192,1
658,2024-05-02,96,4
659,2024-05-01,20,2
660,2024-05-27,102,1
661,2024-05-06,101,2
662,2024-05-13,212,4
663,2024-05-08,8,3
664,2024-05-26,145,1
665,2024-05-14,85,1
666,2024-05-06,75,1
667,2024-05-17,129,2
668,2024-05-25,37,1
669,2024-05-16,67,4
670,2024-05-03,96,3
671,2024-05-03,172,4
672,2024-05-16,155,3
673,2024-05-02,146,3
674,2024-05-28,77,1
675,2024-05-14,179,2
676,2024-06-15,163,2
677,2024-06-13,154,2
678,2024-06-15,167,4
679,2024-06-10,163,4
680,2024-06-16,27,4
681,2024-06-08,55,4
682,2024-06-08,173,4
683,2024-06-14,147,2
684,2024-06-11,104,2
685,2024-06-25,216,4
686,2024-06-24,191,1
687,2024-06-25,186,2
688,2024-06-27,234,3
689,2024-06-22,54,1
690,2024-06-04,238,3
691,2024-06-11,8,2
692,2024-06-24,120,3
693,2024-06-15,111,4
694,2024-06-01,102,3
695,2024-06-03,63,3
696,2024-06-15,55,3
697,2024-06-25,175,4
698,2024-06-01,73,1
699,2024-06-18,10,4
700,2024-06-10,186,4
701,2024-06-08,8,1
702,2024-06-06,58,4
703,2024-06-26,67,1
704,2024-06-20,177,3
705,2024-06-25,83,3
706,2024-06-13,210,4
707,2024-06-05,235,1
708,2024-06-22,43,4
709,2024-06-09,91,4
710,2024-06-14,129,4
711,2024-06-14,133,4
712,2024-06-02,230,1
713,2024-06-21,89,2
714,2024-06-01,37,4
715,2024-06-01,210,1
716,2024-06-16,170,3
717,2024-06-16,92,2
718,2024-06-13,50,1
719,2024-06-22,68,2
720,2024-06-26,146,4
721,2024-06-26,17,3
722,2024-06-10,90,2
723,2024-06-12,122,1
724,2024-06-14,145,2
725,2024-06-05,25,4
726,2024-06-08,202,3
727,2024-06-09,15,1
728,2024-06-11,177,4
729,2024-06-24,144,2
730,2024-06-04,238,1
731,2024-06-27,37,2
732,2024-06-22,95,4
733,2024-06-12,11,4
734,2024-06-05,168,2
735,2024-06-23,148,2
736,2024-06-26,198,2
737,2024-06-28,10,1
738,2024-06-23,28,3
739,2024-06-18,146,4
740,2024-06-27,147,2
741,2024-06-08,6,3
742,2024-06-23,140,1
743,2024-06-25,228,3
744,2024-06-16,61,1
745,2024-06-18,228,1
746,2024-06-16,142,1
747,2024-06-05,141,4
748,2024-06-02,112,3
749,2024-06-05,15,1
750,2024-06-23,114,2
751,2024-06-03,72,4
752,2024-06-08,10,2
753,2024-06-02,114,4
754,2024-06-01,240,3
755,2024-06-18,220,3
756,2024-06-20,10,4
757,2024-06-01,113,1
758,2024-06-28,67,3
759,2024-06-01,66,3
760,2024-06-27,213,3
761,2024-06-05,75,1
762,2024-06-13,56,3
763,2024-06-17,145,2
764,2024-06-08,178,1
765,2024-06-19,173,4
766,2024-06-16,148,2
767,2024-06-02,223,2
768,2024-06-24,19,1
769,2024-06-19,152,1
770,2024-06-25,82,4
771,2024-06-04,43,3
772,2024-06-27,142,2
773,2024-06-07,95,1
774,2024-06-24,72,2
775,2024-06-17,41,3
776,2024-06-05,63,1
777,2024-06-13,158,3
778,2024-06-12,154,4
779,2024-06-16,199,2
780,2024-06-16,69,1
781,2024-06-20,158,1
782,2024-06-18,93,2
783,2024-06-07,106,3
784,2024-06-10,41,1
785,2024-06-27,50,4
786,2024-06-18,105,2
787,2024-06-25,102,1
788,2024-06-18,25,1
789,2024-06-25,16,2
790,2024-06-15,83,2
791,2024-06-24,36,4
792,2024-06-15,121,3
793,2024-06-03,121,2
794,2024-06-04,85,4
795,2024-06-21,89,2
796,2024-06-24,150,4
797,2024-06-26,33,1
798,2024-06-17,36,1
799,2024-06-21,43,2
800,2024-06-14,187,3
801,2024-06-19,2,2
802,2024-06-23,221,1
803,2024-06-07,219,3
804,2024-06-01,133,3
805,2024-06-11,31,3
806,2024-06-27,79,2
807,2024-06-08,106,3
808,2024-06-12,149,3
809,2024-06-17,24,3
810,2024-06-11,151,4
811,2024-07-15,42,3
812,2024-07-12,186,3
813,2024-07-06,132,2
814,2024-07-22,1,4
815,2024-07-22,40,2
816,2024-07-05,100,1
817,2024-07-08,197,2
818,2024-07-13,87,1
819,2024-07-06,46,4
820,2024-07-14,78,1
821,2024-07-01,39,1
822,2024-07-14,65,3
823,2024-07-24,137,1
824,2024-07-02,96,3
825,2024-07-07,204,1
826,2024-07-13,155,1
827,2024-07-26,154,4
828,2024-07-11,88,1
829,2024-07-16,162,1
830,2024-07-10,193,1
831,2024-07-20,108,2
832,2024-07-28,41,4
833,2024-07-19,99,1
834,2024-07-24,6,3
835,2024-07-26,62,4
836,2024-07-24,2,1
837,2024-07-14,201,1
838,2024-07-26,110,4
839,2024-07-06,185,1
840,2024-07-10,88,3
841,2024-07-23,122,3
842,2024-07-20,123,4
843,2024-07-16,45,4
844,2024-07-02,171,3
845,2024-07-02,46,4
846,2024-07-26,82,1
847,2024-07-04,51,4
848,2024-07-09,1,4
849,2024-07-01,125,2
850,2024-07-08,196,1
851,2024-07-22,147,2
852,2024-07-20,168,4
853,2024-07-14,15,4
854,2024-07-08,20,1
855,2024-07-04,16,4
856,2024-07-16,29,3
857,2024-07-08,113,1
858,2024-07-15,59,4
859,2024-07-17,234,1
860,2024-07-06,137,1
861,2024-07-09,210,4
862,2024-07-22,150,2
863,2024-07-05,200,1
864,2024-07-15,36,1
865,2024-07-02,98,2
866,2024-07-11,192,3
867,2024-07-03,215,3
868,2024-07-23,36,2
869,2024-07-06,202,1
870,2024-07-27,233,3
871,2024-07-04,41,2
872,2024-07-16,29,1
873,2024-07-08,33,2
874,2024-07-24,48,3
875,2024-07-02,162,4
876,2024-07-28,124,4
877,2024-07-11,66,2
878,2024-07-28,33,3
879,2024-07-24,188,2
880,2024-07-21,163,2
881,2024-07-16,229,4
882,2024-07-12,214,2
883,2024-07-24,186,1
884,2024-07-21,198,1
885,2024-07-23,225,2
886,2024-07-22,108,3
887,2024-07-20,144,4
888,2024-07-27,103,1
889,2024-07-23,118,3
890,2024-07-24,26,3
891,2024-07-09,52,4
892,2024-07-09,219,4
893,2024-07-08,83,1
894,2024-07-20,220,1
895,2024-07-28,83,2
896,2024-07-09,120,2
897,2024-07-06,17,4
898,2024-07-23,223,4
899,2024-07-20,183,1
900,2024-07-03,158,1
901,2024-07-16,179,4
902,2024-07-13,67,2
903,2024-07-06,25,3
904,2024-07-19,205,1
905,2024-07-28,181,4
906,2024-07-17,152,2
907,2024-07-18,172,1
908,2024-07-26,49,4
909,2024-07-21,75,2
910,2024-07-19,79,1
911,2024-07-27,211,1
912,2024-07-13,12,1
913,2024-07-27,235,3
914,2024-07-25,210,2
915,2024-07-09,190,2
916,2024-07-27,10,2
917,2024-07-09,221,3
918,2024-07-03,130,3
919,2024-07-17,155,2
920,2024-07-08,176,1
921,2024-07-08,220,1
922,2024-07-22,73,4
923,2024-07-24,95,2
924,2024-07-18,182,4
925,2024-07-13,114,4
926,2024-07-13,55,3
927,2024-07-13,169,2
928,2024-07-16,196,2
929,2024-07-27,79,2
930,2024-07-11,122,4
931,2024-07-18,41,4
932,2024-07-01,115,2
933,2024-07-20,91,1
934,2024-07-02,87,4
935,2024-07-13,98,4
936,2024-07-23,105,4
937,2024-07-26,6,1
938,2024-07-24,3,1
939,2024-07-28,162,4
940,2024-07-02,54,2
941,2024-07-16,182,2
942,2024-07-18,37,3
943,2024-07-14,154,3
944,2024-07-12,127,1
945,2024-07-22,179,3
946,2024-08-16,196,3
947,2024-08-05,116,4
948,2024-08-26,112,1
949,2024-08-01,51,3
950,2024-08-11,18,1
951,2024-08-24,88,3
952,2024-08-09,202,4
953,2024-08-04,131,3
954,2024-08-12,84,1
955,2024-08-23,109,4
956,2024-08-21,8,1
957,2024-08-06,73,4
958,2024-08-24,213,3
959,2024-08-05,36,1
960,2024-08-03,87,3
961,2024-08-08,59,3
962,2024-08-25,57,1
963,2024-08-03,141,4
964,2024-08-12,2,4
965,2024-08-01,138,2
966,2024-08-01,116,3
967,2024-08-01,80,1
968,2024-08-16,236,2
969,2024-08-24,109,2
970,2024-08-16,226,1
971,2024-08-24,17,4
972,2024-08-06,106,4
973,2024-08-26,52,4
974,2024-08-12,74,1
975,2024-08-12,169,3
976,2024-08-27,38,3
977,2024-08-26,218,2
978,2024-08-18,66,1
979,2024-08-19,57,4
980,2024-08-25,62,3
981,2024-08-20,179,1
982,2024-08-09,8,3
983,2024-08-13,117,1
984,2024-08-17,18,4
985,2024-08-15,45,4
986,2024-08-25,100,1
987,2024-08-23,207,4
988,2024-08-16,113,1
989,2024-08-13,122,3
990,2024-08-09,143,3
991,2024-08-26,78,1
992,2024-08-13,45,1
993,2024-08-17,123,1
994,2024-08-27,58,3
995,2024-08-05,192,2
996,2024-08-21,119,3
997,2024-08-18,88,4
998,2024-08-11,81,2
999,2024-08-22,172,4
1000,2024-08-17,149,4
1001,2024-08-23,124,4
1002,2024-08-16,238,3
1003,2024-08-28,11,1
1004,2024-08-24,237,1
1005,2024-08-27,207,2
1006,2024-08-08,235,2
1007,2024-08-05,114,4
1008,2024-08-26,44,4
1009,2024-08-19,100,1
1010,2024-08-06,123,3
1011,2024-08-06,182,1
1012,2024-08-05,116,3
1013,2024-08-18,74,2
1014,2024-08-28,84,1
1015,2024-08-28,40,4
1016,2024-08-08,183,1
1017,2024-08-18,141,4
1018,2024-08-13,98,4
1019,2024-08-08,102,3
1020,2024-08-05,119,2
1021,2024-08-12,18,4
1022,2024-08-20,89,4
1023,2024-08-27,239,2
1024,2024-08-27,205,4
1025,2024-08-24,68,1
1026,2024-08-05,135,3
1027,2024-08-27,28,3
1028,2024-08-19,108,4
1029,2024-08-16,107,2
1030,2024-08-16,226,4
1031,2024-08-18,39,1
1032,2024-08-20,11,1
1033,2024-08-09,28,4
1034,2024-08-28,101,1
1035,2024-08-23,39,4
1036,2024-08-24,39,2
1037,2024-08-14,112,4
1038,2024-08-13,41,3
1039,2024-08-05,116,3
1040,2024-08-06,185,2
1041,2024-08-25,112,2
1042,2024-08-10,12,4
1043,2024-08-08,210,1
1044,2024-08-27,138,3
1045,2024-08-22,4,2
1046,2024-08-04,93,2
1047,2024-08-04,87,4
1048,2024-08-27,134,2
1049,2024-08-06,55,4
1050,2024-08-02,51,3
1051,2024-08-12,171,1
1052,2024-08-20,31,3
1053,2024-08-02,76,4
1054,2024-08-09,40,4
1055,2024-08-25,68,1
1056,2024-08-13,26,3
1057,2024-08-02,190,3
1058,2024-08-04,139,4
1059,2024-08-24,44,2
1060,2024-08-22,157,2
1061,2024-08-04,1,4
1062,2024-08-01,148,1
1063,2024-08-12,223,1
1064,2024-08-02,112,3
1065,2024-08-25,110,2
1066,2024-08-21,78,3
1067,2024-08-05,232,4
1068,2024-08-09,29,2
1069,2024-08-22,194,2
1070,2024-08-07,124,1
1071,2024-08-13,25,3
1072,2024-08-14,60,2
1073,2024-08-22,27,1
1074,2024-08-09,207,1
1075,2024-08-03,26,3
1076,2024-08-06,50,3
1077,2024-08-15,170,1
1078,2024-08-23,40,4
1079,2024-08-27,176,2
1080,2024-08-20,45,4
1081,2024-09-21,102,4
1082,2024-09-17,87,1
1083,2024-09-14,12,2
1084,2024-09-02,8,3
1085,2024-09-24,194,2
1086,2024-09-26,113,1
1087,2024-09-22,154,2
1088,2024-09-11,163,3
1089,2024-09-19,97,4
1090,2024-09-22,95,3
1091,2024-09-02,187,4
1092,2024-09-12,159,4
1093,2024-09-04,238,1
1094,2024-09-21,136,2
1095,2024-09-23,37,1
1096,2024-09-13,211,1
1097,2024-09-07,76,2
1098,2024-09-10,221,3
1099,2024-09-09,213,2
1100,2024-09-25,54,2
1101,2024-09-15,135,4
1102,2024-09-07,127,2
1103,2024-09-11,195,4
1104,2024-09-20,211,3
1105,2024-09-02,35,3
1106,2024-09-18,28,3
1107,2024-09-20,56,2
1108,2024-09-24,179,1
1109,2024-09-26,112,4
1110,2024-09-07,11,1
1111,2024-09-28,210,1
1112,2024-09-06,26,2
1113,2024-09-21,125,1
1114,2024-09-22,221,4
1115,2024-09-27,156,1
1116,2024-09-06,147,3
1117,2024-09-20,197,4
1118,2024-09-27,48,1
1119,2024-09-13,40,4
1120,2024-09-18,80,2
1121,2024-09-01,212,3
1122,2024-09-22,112,2
1123,2024-09-27,173,1
1124,2024-09-05,139,4
1125,2024-09-13,233,4
1126,2024-09-20,209,2
1127,2024-09-21,221,2
1128,2024-09-15,113,4
1129,2024-09-23,145,2
1130,2024-09-07,18,3
1131,2024-09-12,52,2
1132,2024-09-19,140,4
1133,2024-09-17,76,4
1134,2024-09-07,116,2
1135,2024-09-21,27,2
1136,2024-09-27,222,4
1137,2024-09-22,104,4
1138,2024-09-13,61,4
1139,2024-09-06,173,3
1140,2024-09-04,240,4
1141,2024-09-18,201,3
1142,2024-09-23,155,1
1143,2024-09-24,217,3
1144,2024-09-25,208,4
1145,2024-09-13,115,4
1146,2024-09-27,215,2
1147,2024-09-21,103,1
1148,2024-09-15,176,3
1149,2024-09-24,200,2
1150,2024-09-05,163,2
1151,2024-09-16,185,3
1152,2024-09-17,88,2
1153,2024-09-09,212,3
1154,2024-09-16,234,1
1155,2024-09-27,84,1
1156,2024-09-28,115,4
1157,2024-09-02,144,4
1158,2024-09-02,107,4
1159,2024-09-23,202,3
1160,2024-09-26,40,1
1161,2024-09-21,163,2
1162,2024-09-12,34,1
1163,2024-09-18,182,2
1164,2024-09-27,225,2
1165,2024-09-03,227,1
1166,2024-09-17,104,4
1167,2024-09-24,67,3
1168,2024-09-18,14,4
1169,2024-09-01,215,2
1170,2024-09-18,142,2
1171,2024-09-14,69,3
1172,2024-09-08,75,4
1173,2024-09-15,47,1
1174,2024-09-05,34,2
1175,2024-09-07,141,1
1176,2024-09-22,90,4
1177,2024-09-19,209,1
1178,2024-09-21,71,4
1179,2024-09-13,38,1
1180,2024-09-22,222,1
1181,2024-09-08,239,4
1182,2024-09-17,199,3
1183,2024-09-26,6,3
1184,2024-09-24,208,1
1185,2024-09-01,211,4
1186,2024-09-12,240,4
1187,2024-09-02,72,4
1188,2024-09-21,136,3
1189,2024-09-22,212,2
1190,2024-09-20,5,1
1191,2024-09-09,64,2
1192,2024-09-25,71,4
1193,2024-09-24,208,1
1194,2024-09-02,64,1
1195,2024-09-18,90,2
1196,2024-09-13,156,2
1197,2024-09-08,135,1
1198,2024-09-21,85,3
1199,2024-09-15,171,4
1200,2024-09-23,211,1
1201,2024-09-13,238,4
1202,2024-09-11,196,2
1203,2024-09-18,210,4
1204,2024-09-05,231,4
1205,2024-09-27,209,1
1206,2024-09-04,195,2
1207,2024-09-22,122,3
1208,2024-09-13,153,3
1209,2024-09-06,203,3
1210,2024-09-16,12,4
1211,2024-09-10,47,4
1212,2024-09-20,240,3
1213,2024-09-18,71,4
1214,2024-09-16,102,3
1215,2024-09-25,151,1
1216,2024-10-06,88,1
1217,2024-10-06,233,1
1218,2024-10-28,103,4
1219,2024-10-18,140,1
1220,2024-10-09,114,1
1221,2024-10-11,84,1
1222,2024-10-23,228,4
1223,2024-10-27,59,1
1224,2024-10-13,236,3
1225,2024-10-15,194,4
1226,2024-10-14,198,2
1227,2024-10-06,31,2
1228,2024-10-03,157,3
1229,2024-10-23,124,4
1230,2024-10-25,189,2
1231,2024-10-11,129,2
1232,2024-10-23,40,2
1233,2024-10-03,210,2
1234,2024-10-24,84,2
1235,2024-10-03,132,1
1236,2024-10-18,210,2
1237,2024-10-18,224,3
1238,2024-10-03,208,1
1239,2024-10-13,8,4
1240,2024-10-01,228,2
1241,2024-10-02,30,4
1242,2024-10-12,49,3
1243,2024-10-28,105,3
1244,2024-10-27,113,4
1245,2024-10-09,109,4
1246,2024-10-03,182,1
1247,2024-10-17,11,4
1248,2024-10-18,76,2
1249,2024-10-17,121,1
1250,2024-10-14,34,1
1251,2024-10-17,86,3
1252,2024-10-03,72,2
1253,2024-10-18,211,1
1254,2024-10-27,128,3
1255,2024-10-23,237,2
1256,2024-10-24,228,3
1257,2024-10-18,100,1
1258,2024-10-22,209,1
1259,2024-10-12,191,1
1260,2024-10-01,175,3
1261,2024-10-23,144,3
1262,2024-10-25,121,3
1263,2024-10-10,207,2
1264,2024-10-12,40,1
1265,2024-10-24,10,4
1266,2024-10-09,238,4
1267,2024-10-06,102,3
1268,2024-10-01,188,3
1269,2024-10-17,200,4
1270,2024-10-06,175,1
1271,2024-10-26,201,3
1272,2024-10-21,113,3
1273,2024-10-01,165,3
1274,2024-10-23,53,1
1275,2024-10-07,225,1
1276,2024-10-02,38,3
1277,2024-10-18,19,1
1278,2024-10-13,1,1
1279,2024-10-10,48,4
1280,2024-10-19,170,2
1281,2024-10-02,147,1
1282,2024-10-15,237,3
1283,2024-10-01,205,2
1284,2024-10-20,178,1
1285,2024-10-07,47,1
1286,2024-10-18,86,3
1287,2024-10-23,43,4
1288,2024-10-08,235,3
1289,2024-10-01,42,4
1290,2024-10-22,35,2
1291,2024-10-14,17,1
1292,2024-10-23,34,2
1293,2024-10-27,175,1
1294,2024-10-15,117,4
1295,2024-10-06,221,1
1296,2024-10-03,146,2
1297,2024-10-08,99,1
1298,2024-10-08,184,2
1299,2024-10-26,56,3
1300,2024-10-20,169,1
1301,2024-10-02,209,2
1302,2024-10-28,95,3
1303,2024-10-13,101,3
1304,2024-10-13,195,2
1305,2024-10-15,4,2
1306,2024-10-26,64,2
1307,2024-10-22,57,4
1308,2024-10-06,190,3
1309,2024-10-14,148,2
1310,2024-10-01,10,1
1311,2024-10-14,31,2
1312,2024-10-13,196,2
1313,2024-10-20,97,2
1314,2024-10-12,158,3
1315,2024-10-10,1,2
1316,2024-10-15,142,1
1317,2024-10-17,196,1
1318,2024-10-28,166,3
1319,2024-10-11,52,4
1320,2024-10-02,104,3
1321,2024-10-04,71,4
1322,2024-10-22,103,2
1323,2024-10-12,169,4
1324,2024-10-19,5,3
1325,2024-10-16,141,4
1326,2024-10-10,39,1
1327,2024-10-20,232,4
1328,2024-10-18,167,4
1329,2024-10-26,125,3
1330,2024-10-13,128,4
1331,2024-10-08,179,3
1332,2024-10-23,13,2
1333,2024-10-11,219,1
1334,2024-10-09,182,3
1335,2024-10-20,193,2
1336,2024-10-19,13,2
1337,2024-10-02,34,4
1338,2024-10-19,205,4
1339,2024-10-24,38,1
1340,2024-10-28,188,2
1341,2024-10-12,181,3
1342,2024-10-27,49,2
1343,2024-10-24,130,4
1344,2024-10-05,15,3
1345,2024-10-11,193,4
1346,2024-10-04,147,4
1347,2024-10-14,172,1
1348,2024-10-08,234,2
1349,2024-10-26,170,2
1350,2024-10-16,213,1
1351,2024-11-02,154,3
1352,2024-11-03,34,1
1353,2024-11-23,61,1
1354,2024-11-05,154,2
1355,2024-11-16,232,2
1356,2024-11-07,233,2
1357,2024-11-27,225,4
1358,2024-11-12,221,1
1359,2024-11-15,48,3
1360,2024-11-02,56,4
1361,2024-11-25,171,3
1362,2024-11-07,25,3
1363,2024-11-28,46,1
1364,2024-11-14,223,2
1365,2024-11-21,114,4
1366,2024-11-10,5,2
1367,2024-11-04,204,2
1368,2024-11-24,29,2
1369,2024-11-23,189,1
1370,2024-11-28,49,4
1371,2024-11-17,63,3
1372,2024-11-23,137,4
1373,2024-11-13,46,4
1374,2024-11-16,136,1
1375,2024-11-25,64,3
1376,2024-11-17,118,1
1377,2024-11-23,139,2
1378,2024-11-27,148,3
1379,2024-11-11,88,2
1380,2024-11-25,37,4
1381,2024-11-20,206,2
1382,2024-11-10,68,1
1383,2024-11-13,11,4
1384,2024-11-12,142,1
1385,2024-11-12,234,1
1386,2024-11-04,8,1
1387,2024-11-20,34,3
1388,2024-11-13,144,4
1389,2024-11-28,48,2
1390,2024-11-10,128,3
1391,2024-11-03,213,4
1392,2024-11-23,238,1
1393,2024-11-11,129,1
1394,2024-11-25,59,4
1395,2024-11-11,10,2
1396,2024-11-07,177,1
1397,2024-11-18,123,2
1398,2024-11-11,238,2
1399,2024-11-09,75,2
1400,2024-11-11,68,4
1401,2024-11-08,123,3
1402,2024-11-20,139,1
1403,2024-11-17,194,3
1404,2024-11-05,210,1
1405,2024-11-07,204,3
1406,2024-11-18,214,4
1407,2024-11-04,214,2
1408,2024-11-01,192,4
1409,2024-11-14,186,2
1410,2024-11-17,220,1
1411,2024-11-07,77,2
1412,2024-11-08,91,2
1413,2024-11-12,24,4
1414,2024-11-05,169,1
1415,2024-11-01,105,4
1416,2024-11-27,105,3
1417,2024-11-05,109,2
1418,2024-11-11,152,2
1419,2024-11-06,146,1
1420,2024-11-27,213,2
1421,2024-11-27,215,4
1422,2024-11-16,195,3
1423,2024-11-12,35,4
1424,2024-11-23,182,1
1425,2024-11-28,66,4
1426,2024-11-02,56,4
1427,2024-11-02,8,3
1428,2024-11-26,7,1
1429,2024-11-01,31,2
1430,2024-11-14,63,3
1431,2024-11-12,48,2
1432,2024-11-22,188,2
1433,2024-11-06,227,4
1434,2024-11-23,212,3
1435,2024-11-20,188,3
1436,2024-11-04,145,1
1437,2024-11-02,12,3
1438,2024-11-09,82,4
1439,2024-11-26,64,4
1440,2024-11-08,211,2
1441,2024-11-18,77,3
1442,2024-11-01,13,1
1443,2024-11-09,178,3
1444,2024-11-14,72,2
1445,2024-11-05,208,1
1446,2024-11-05,1,3
1447,2024-11-15,89,2
1448,2024-11-18,198,1
1449,2024-11-22,74,1
1450,2024-11-24,23,1
1451,2024-11-23,137,3
1452,2024-11-08,108,4
1453,2024-11-16,22,4
1454,2024-11-20,20,3
1455,2024-11-17,207,1
1456,2024-11-03,39,1
1457,2024-11-07,199,4
1458,2024-11-10,60,4
1459,2024-11-28,67,4
1460,2024-11-12,209,2
1461,2024-11-27,2,4
1462,2024-11-20,27,2
1463,2024-11-25,12,4
1464,2024-11-19,26,3
1465,2024-11-04,181,2
1466,2024-11-05,121,1
1467,2024-11-07,138,1
1468,2024-11-06,4,1
1469,2024-11-22,155,4
1470,2024-11-01,19,4
1471,2024-11-26,154,4
1472,2024-11-03,234,3
1473,2024-11-25,67,4
1474,2024-11-18,36,1
1475,2024-11-19,60,2
1476,2024-11-05,5,4
1477,2024-11-12,32,4
1478,2024-11-02,99,2
1479,2024-11-18,48,4
1480,2024-11-14,122,4
1481,2024-11-09,205,1
1482,2024-11-01,199,3
1483,2024-11-23,151,1
1484,2024-11-07,123,2
1485,2024-11-06,109,1
1486,2024-12-27,27,2
1487,2024-12-15,116,1
1488,2024-12-25,228,4
1489,2024-12-14,48,2
1490,2024-12-13,190,1
1491,2024-12-18,47,4
1492,2024-12-25,77,1
1493,2024-12-15,6,3
1494,2024-12-25,94,4
1495,2024-12-07,90,2
1496,2024-12-21,232,3
1497,2024-12-26,178,3
1498,2024-12-01,34,4
1499,2024-12-19,226,2
1500,2024-12-04,15,2
1501,2024-12-03,41,3
1502,2024-12-15,231,2
1503,2024-12-22,39,3
1504,2024-12-02,70,2
1505,2024-12-19,26,2
1506,2024-12-19,125,4
1507,2024-12-13,163,4
1508,2024-12-09,111,3
1509,2024-12-24,213,2
1510,2024-12-07,237,3
1511,2024-12-25,44,4
1512,2024-12-01,153,2
1513,2024-12-05,11,4
1514,2024-12-20,138,2
1515,2024-12-02,178,1
1516,2024-12-01,3,3
1517,2024-12-14,202,2
1518,2024-12-10,112,1
1519,2024-12-22,121,4
1520,2024-12-20,159,4
1521,2024-12-25,20,3
1522,2024-12-25,216,4
1523,2024-12-20,1,1
1524,2024-12-26,214,1
1525,2024-12-10,13,4
1526,2024-12-22,95,1
1527,2024-12-15,179,1
1528,2024-12-21,124,4
1529,2024-12-20,174,3
1530,2024-12-22,78,2
1531,2024-12-05,147,3
1532,2024-12-14,8,4
1533,2024-12-03,119,2
1534,2024-12-21,176,3
1535,2024-12-01,116,4
1536,2024-12-21,99,1
1537,2024-12-02,199,4
1538,2024-12-02,115,1
1539,2024-12-14,154,2
1540,2024-12-06,145,3
1541,2024-12-04,160,2
1542,2024-12-22,208,3
1543,2024-12-15,58,2
1544,2024-12-05,1,4
1545,2024-12-01,174,3
1546,2024-12-13,183,3
1547,2024-12-24,35,2
1548,2024-12-20,145,4
1549,2024-12-20,97,3
1550,2024-12-06,157,4
1551,2024-12-01,104,2
1552,2024-12-13,239,4
1553,2024-12-21,231,2
1554,2024-12-19,8,2
1555,2024-12-20,115,1
1556,2024-12-07,169,1
1557,2024-12-07,152,1
1558,2024-12-18,192,4
1559,2024-12-09,50,4
1560,2024-12-24,187,1
1561,2024-12-12,172,4
1562,2024-12-10,184,1
1563,2024-12-24,197,2
1564,2024-12-09,176,4
1565,2024-12-23,156,2
1566,2024-12-15,155,2
1567,2024-12-23,154,1
1568,2024-12-11,25,1
1569,2024-12-08,81,1
1570,2024-12-24,100,3
1571,2024-12-13,206,4
1572,2024-12-27,85,1
1573,2024-12-27,112,2
1574,2024-12-21,166,1
1575,2024-12-15,197,2
1576,2024-12-27,90,4
1577,2024-12-21,90,4
1578,2024-12-01,98,4
1579,2024-12-14,194,2
1580,2024-12-02,109,3
1581,2024-12-23,15,3
1582,2024-12-04,227,4
1583,2024-12-06,198,1
1584,2024-12-20,7,2
1585,2024-12-28,48,1
1586,2024-12-08,122,4
1587,2024-12-14,17,1
1588,2024-12-20,228,2
1589,2024-12-09,216,3
1590,2024-12-27,184,1
1591,2024-12-13,102,1
1592,2024-12-16,164,1
1593,2024-12-14,216,1
1594,2024-12-26,227,4
1595,2024-12-20,66,1
1596,2024-12-04,34,1
1597,2024-12-24,112,4
1598,2024-12-28,17,4
1599,2024-12-07,188,1
1600,2024-12-25,146,3
1601,2024-12-04,2,2
1602,2024-12-01,71,4
1603,2024-12-17,207,4
1604,2024-12-10,221,3
1605,2024-12-03,187,1
1606,2024-12-19,172,3
1607,2024-12-27,35,4
1608,2024-12-23,193,4
1609,2024-12-17,91,1
1610,2024-12-08,11,2
1611,2024-12-12,118,4
1612,2024-12-14,44,2
1613,2024-12-15,43,3
1614,2024-12-18,120,1
1615,2024-12-14,239,1
1616,2024-12-06,39,1
1617,2024-12-22,15,4
1618,2024-12-03,132,4
1619,2024-12-05,221,1
1620,2024-12-04,175,4
1621,2025-01-13,2,4
1622,2025-01-15,84,4
1623,2025-01-16,135,1
1624,2025-01-16,228,3
1625,2025-01-02,218,3
1626,2025-01-28,225,4
1627,2025-01-11,157,2
1628,2025-01-02,182,2
1629,2025-01-13,24,3
1630,2025-01-26,75,3
1631,2025-01-06,4,3
1632,2025-01-09,215,3
1633,2025-01-05,208,1
1634,2025-01-05,1,1
1635,2025-01-15,186,2
1636,2025-01-06,158,1
1637,2025-01-26,223,2
1638,2025-01-09,218,4
1639,2025-01-06,1,3
1640,2025-01-01,147,2
1641,2025-01-12,39,2
1642,2025-01-27,151,4
1643,2025-01-02,129,3
1644,2025-01-07,80,1
1645,2025-01-18,124,4
1646,2025-01-28,37,1
1647,2025-01-11,173,1
1648,2025-01-11,27,1
1649,2025-01-24,218,2
1650,2025-01-22,48,2
1651,2025-01-07,195,1
1652,2025-01-27,86,3
1653,2025-01-07,110,4
1654,2025-01-23,86,1
1655,2025-01-12,41,4
1656,2025-01-10,41,3
1657,2025-01-19,127,4
1658,2025-01-18,106,3
1659,2025-01-04,107,1
1660,2025-01-27,199,2
1661,2025-01-05,143,1
1662,2025-01-25,89,3
1663,2025-01-10,184,4
1664,2025-01-20,146,2
1665,2025-01-26,137,3
1666,2025-01-07,154,4
1667,2025-01-21,149,3
1668,2025-01-02,229,2
1669,2025-01-28,32,2
1670,2025-01-14,20,2
1671,2025-01-18,53,1
1672,2025-01-17,42,1
1673,2025-01-05,82,3
1674,2025-01-20,78,4
1675,2025-01-12,31,2
1676,2025-01-11,43,3
1677,2025-01-13,110,3
1678,2025-01-05,227,3
1679,2025-01-13,67,1
1680,2025-01-27,29,3
1681,2025-01-01,225,1
1682,2025-01-05,125,1
1683,2025-01-08,36,2
1684,2025-01-07,135,2
1685,2025-01-04,181,1
1686,2025-01-27,237,2
1687,2025-01-18,126,3
1688,2025-01-10,230,1
1689,2025-01-25,224,3
1690,2025-01-02,141,2
1691,2025-01-05,171,1
1692,2025-01-24,211,2
1693,2025-01-10,177,1
1694,2025-01-13,22,1
1695,2025-01-09,132,1
1696,2025-01-06,221,4
1697,2025-01-04,79,2
1698,2025-01-26,145,4
1699,2025-01-09,12,2
1700,2025-01-06,114,1
1701,2025-01-10,7,2
1702,2025-01-08,176,3
1703,2025-01-02,193,3
1704,2025-01-19,172,1
1705,2025-01-20,96,2
1706,2025-01-19,182,2
1707,2025-01-24,1,3
1708,2025-01-10,188,4
1709,2025-01-14,110,4
1710,2025-01-22,18,2
1711,2025-01-05,63,3
1712,2025-01-17,166,3
1713,2025-01-08,198,3
1714,2025-01-16,33,2
1715,2025-01-13,209,1
1716,2025-01-12,81,3
1717,2025-01-15,136,3
1718,2025-01-13,84,4
1719,2025-01-22,66,2
1720,2025-01-18,119,4
1721,2025-01-04,96,2
1722,2025-01-02,178,2
1723,2025-01-05,18,1
1724,2025-01-25,53,2
1725,2025-01-28,3,4
1726,2025-01-28,196,3
1727,2025-01-04,20,1
1728,2025-01-02,73,1
1729,2025-01-10,123,2
1730,2025-01-15,40,1
1731,2025-01-03,112,1
1732,2025-01-03,29,4
1733,2025-01-05,181,4
1734,2025-01-22,18,1
1735,2025-01-19,111,4
1736,2025-01-14,77,3
1737,2025-01-19,138,1
1738,2025-01-24,178,2
1739,2025-01-07,126,3
1740,2025-01-20,194,1
1741,2025-01-10,50,2
1742,2025-01-27,33,2
1743,2025-01-01,118,1
1744,2025-01-03,12,1
1745,2025-01-16,92,2
1746,2025-01-03,146,4
1747,2025-01-13,80,2
1748,2025-01-01,203,4
1749,2025-01-21,217,4
1750,2025-01-18,17,2
1751,2025-01-09,13,2
1752,2025-01-26,132,1
1753,2025-01-28,219,3
1754,2025-01-25,173,2
1755,2025-01-04,36,3
1756,2025-02-01,166,3
1757,2025-02-16,131,1
1758,2025-02-23,146,1
1759,2025-02-10,119,1
1760,2025-02-10,98,4
1761,2025-02-23,236,1
1762,2025-02-28,152,2
1763,2025-02-09,68,2
1764,2025-02-07,151,2
1765,2025-02-21,17,1
1766,2025-02-06,99,1
1767,2025-02-23,167,4
1768,2025-02-10,166,3
1769,2025-02-07,130,3
1770,2025-02-22,221,1
1771,2025-02-01,92,1
1772,2025-02-15,14,1
1773,2025-02-05,233,4
1774,2025-02-11,77,1
1775,2025-02-03,59,3
1776,2025-02-03,49,3
1777,2025-02-28,71,1
1778,2025-02-06,232,4
1779,2025-02-08,150,1
1780,2025-02-16,35,4
1781,2025-02-16,213,3
1782,2025-02-20,22,2
1783,2025-02-25,45,1
1784,2025-02-12,38,1
1785,2025-02-08,28,2
1786,2025-02-10,192,1
1787,2025-02-04,124,4
1788,2025-02-15,173,1
1789,2025-02-20,176,2
1790,2025-02-04,41,2
1791,2025-02-25,30,4
1792,2025-02-28,96,1
1793,2025-02-26,191,4
1794,2025-02-25,116,4
1795,2025-02-25,224,1
1796,2025-02-26,93,2
1797,2025-02-14,57,4
1798,2025-02-01,154,4
1799,2025-02-21,204,1
1800,2025-02-09,93,3
1801,2025-02-08,21,4
1802,2025-02-28,140,2
1803,2025-02-10,1,2
1804,2025-02-21,45,3
1805,2025-02-13,154,1
1806,2025-02-24,103,2
1807,2025-02-02,124,2
1808,2025-02-04,123,3
1809,2025-02-20,135,4
1810,2025-02-20,142,1
1811,2025-02-28,105,3
1812,2025-02-12,214,3
1813,2025-02-07,196,1
1814,2025-02-26,49,3
1815,2025-02-16,20,2
1816,2025-02-25,133,3
1817,2025-02-09,208,4
1818,2025-02-06,230,4
1819,2025-02-19,60,4
1820,2025-02-13,154,4
1821,2025-02-21,85,2
1822,2025-02-20,56,2
1823,2025-02-26,208,2
1824,2025-02-10,81,4
1825,2025-02-25,76,2
1826,2025-02-22,31,1
1827,2025-02-21,213,3
1828,2025-02-27,171,1
1829,2025-02-24,47,3
1830,2025-02-12,146,2
1831,2025-02-22,156,2
1832,2025-02-01,76,2
1833,2025-02-02,188,3
1834,2025-02-09,156,3
1835,2025-02-02,2,2
1836,2025-02-01,117,3
1837,2025-02-23,204,3
1838,2025-02-19,67,3
1839,2025-02-09,5,3
1840,2025-02-16,19,4
1841,2025-02-24,110,4
1842,2025-02-18,221,4
1843,2025-02-25,6,1
1844,2025-02-20,207,1
1845,2025-02-07,13,4
1846,2025-02-08,51,2
1847,2025-02-14,119,4
1848,2025-02-16,209,4
1849,2025-02-26,193,1
1850,2025-02-28,6,2
1851,2025-02-28,147,1
1852,2025-02-08,94,4
1853,2025-02-14,212,3
1854,2025-02-18,23,1
1855,2025-02-09,202,4
1856,2025-02-13,95,2
1857,2025-02-08,175,4
1858,2025-02-09,43,3
1859,2025-02-10,123,4
1860,2025-02-05,3,2
1861,2025-02-20,88,3
1862,2025-02-12,85,4
1863,2025-02-04,219,2
1864,2025-02-09,210,1
1865,2025-02-16,40,3
1866,2025-02-21,226,3
1867,2025-02-23,172,1
1868,2025-02-25,170,3
1869,2025-02-14,37,1
1870,2025-02-26,35,3
1871,2025-02-22,39,2
1872,2025-02-20,214,4
1873,2025-02-22,166,1
1874,2025-02-05,181,1
1875,2025-02-23,11,3
1876,2025-02-02,53,3
1877,2025-02-17,57,2
1878,2025-02-24,205,1
1879,2025-02-17,55,1
1880,2025-02-17,220,3
1881,2025-02-08,93,1
1882,2025-02-24,169,2
1883,2025-02-06,135,2
1884,2025-02-02,54,3
1885,2025-02-19,213,3
1886,2025-02-03,176,1
1887,2025-02-11,202,3
1888,2025-02-17,113,4
1889,2025-02-18,195,3
1890,2025-02-21,112,3
1891,2025-03-01,142,3
1892,2025-03-17,204,3
1893,2025-03-24,239,3
1894,2025-03-02,189,3
1895,2025-03-11,117,4
1896,2025-03-16,213,1
1897,2025-03-25,155,3
1898,2025-03-25,133,2
1899,2025-03-20,186,3
1900,2025-03-24,37,2
1901,2025-03-28,77,2
1902,2025-03-02,32,4
1903,2025-03-10,197,2
1904,2025-03-11,58,1
1905,2025-03-12,96,3
1906,2025-03-17,238,3
1907,2025-03-21,161,3
1908,2025-03-01,114,3
1909,2025-03-04,75,2
1910,2025-03-27,156,2
1911,2025-03-20,180,4
1912,2025-03-13,114,4
1913,2025-03-05,33,4
1914,2025-03-15,155,1
1915,2025-03-25,114,4
1916,2025-03-02,171,1
1917,2025-03-17,37,1
1918,2025-03-04,237,1
1919,2025-03-17,29,1
1920,2025-03-17,49,4
1921,2025-03-19,177,1
1922,2025-03-01,43,2
1923,2025-03-02,69,3
1924,2025-03-13,234,2
1925,2025-03-10,236,4
1926,2025-03-02,38,4
1927,2025-03-14,158,3
1928,2025-03-22,209,3
1929,2025-03-19,144,3
1930,2025-03-15,3,4
1931,2025-03-23,141,1
1932,2025-03-09,236,3
1933,2025-03-08,239,1
1934,2025-03-05,19,3
1935,2025-03-25,30,3
1936,2025-03-08,195,4
1937,2025-03-27,192,4
1938,2025-03-20,117,1
1939,2025-03-22,75,3
1940,2025-03-07,195,1
1941,2025-03-14,216,1
1942,2025-03-15,128,2
1943,2025-03-06,45,4
1944,2025-03-22,50,2
1945,2025-03-23,209,4
1946,2025-03-20,103,1
1947,2025-03-26,9,1
1948,2025-03-25,106,4
1949,2025-03-03,9,4
1950,2025-03-12,146,3
1951,2025-03-11,80,4
1952,2025-03-24,22,1
1953,2025-03-04,200,1
1954,2025-03-24,75,3
1955,2025-03-18,102,2
1956,2025-03-20,115,3
1957,2025-03-21,159,1
1958,2025-03-08,33,3
1959,2025-03-06,130,3
1960,2025-03-14,20,1
1961,2025-03-23,78,4
1962,2025-03-13,41,4
1963,2025-03-26,182,4
1964,2025-03-23,193,4
1965,2025-03-02,185,1
1966,2025-03-12,33,2
1967,2025-03-08,120,2
1968,2025-03-03,80,4
1969,2025-03-06,42,3
1970,2025-03-20,221,2
1971,2025-03-10,190,2
1972,2025-03-16,129,4
1973,2025-03-05,154,4
1974,2025-03-07,160,2
1975,2025-03-15,86,2
1976,2025-03-21,64,3
1977,2025-03-09,239,4
1978,2025-03-03,235,3
1979,2025-03-05,70,1
1980,2025-03-03,220,3
1981,2025-03-01,232,3
1982,2025-03-13,229,1
1983,2025-03-11,61,4
1984,2025-03-21,171,3
1985,2025-03-07,188,1
1986,2025-03-04,169,4
1987,2025-03-02,135,2
1988,2025-03-21,186,1
1989,2025-03-12,54,4
1990,2025-03-13,67,1
1991,2025-03-12,12,4
1992,2025-03-11,110,3
1993,2025-03-18,177,4
1994,2025-03-24,130,1
1995,2025-03-17,61,4
1996,2025-03-23,178,4
1997,2025-03-01,15,4
1998,2025-03-28,219,4
1999,2025-03-09,212,1
2000,2025-03-14,104,4
2001,2025-03-09,198,3
2002,2025-03-26,41,2
2003,2025-03-27,215,1
2004,2025-03-09,236,1
2005,2025-03-26,239,4
2006,2025-03-22,169,4
2007,2025-03-03,194,2
2008,2025-03-03,236,3
2009,2025-03-01,107,3
2010,2025-03-13,196,3
2011,2025-03-09,186,4
2012,2025-03-20,1,4
2013,2025-03-27,2,1
2014,2025-03-01,21,1
2015,2025-03-18,225,3
2016,2025-03-25,125,4
2017,2025-03-04,114,1
2018,2025-03-22,171,2
2019,2025-03-25,225,1
2020,2025-03-07,90,4
2021,2025-03-20,214,2
2022,2025-03-04,203,2
2023,2025-03-23,101,1
2024,2025-03-28,2,4
2025,2025-03-11,93,2
2026,2025-04-03,109,3
2027,2025-04-19,214,4
2028,2025-04-02,19,2
2029,2025-04-05,225,2
2030,2025-04-10,211,4
2031,2025-04-14,49,2
2032,2025-04-19,183,1
2033,2025-04-20,98,2
2034,2025-04-09,195,4
2035,2025-04-01,66,4
2036,2025-04-22,153,3
2037,2025-04-12,44,1
2038,2025-04-06,120,2
2039,2025-04-05,56,1
2040,2025-04-15,185,2
2041,2025-04-22,69,4
2042,2025-04-07,4,4
2043,2025-04-09,161,2
2044,2025-04-23,59,4
2045,2025-04-07,196,4
2046,2025-04-02,177,2
2047,2025-04-08,34,2
2048,2025-04-18,218,2
2049,2025-04-26,216,4
2050,2025-04-01,142,3
2051,2025-04-14,149,2
2052,2025-04-20,168,1
2053,2025-04-10,163,4
2054,2025-04-04,198,1
2055,2025-04-22,130,3
2056,2025-04-25,181,1
2057,2025-04-15,83,4
2058,2025-04-19,136,3
2059,2025-04-22,34,1
2060,2025-04-28,148,4
2061,2025-04-12,132,2
2062,2025-04-22,119,3
2063,2025-04-21,73,3
2064,2025-04-11,64,3
2065,2025-04-22,237,2
2066,2025-04-22,226,1
2067,2025-04-23,184,2
2068,2025-04-27,239,2
2069,2025-04-16,69,2
2070,2025-04-09,121,1
2071,2025-04-09,145,3
2072,2025-04-05,232,1
2073,2025-04-23,143,4
2074,2025-04-26,237,3
2075,2025-04-01,10,4
2076,2025-04-02,39,2
2077,2025-04-10,65,2
2078,2025-04-06,98,1
2079,2025-04-20,190,1
2080,2025-04-14,45,2
2081,2025-04-15,168,2
2082,2025-04-06,21,1
2083,2025-04-27,235,3
2084,2025-04-15,120,4
2085,2025-04-10,140,2
2086,2025-04-21,182,1
2087,2025-04-03,163,3
2088,2025-04-12,61,3
2089,2025-04-28,125,4
2090,2025-04-02,186,1
2091,2025-04-03,18,3
2092,2025-04-18,128,1
2093,2025-04-20,94,4
2094,2025-04-10,113,2
2095,2025-04-15,223,2
2096,2025-04-24,158,3
2097,2025-04-19,7,3
2098,2025-04-09,137,1
2099,2025-04-25,225,1
2100,2025-04-16,158,3
2101,2025-04-20,184,1
2102,2025-04-10,2,4
2103,2025-04-06,118,1
2104,2025-04-09,132,3
2105,2025-04-19,179,1
2106,2025-04-10,202,3
2107,2025-04-01,133,3
2108,2025-04-21,207,2
2109,2025-04-18,126,1
2110,2025-04-20,89,3
2111,2025-04-22,44,1
2112,2025-04-03,63,1
2113,2025-04-14,223,2
2114,2025-04-18,115,4
2115,2025-04-08,123,3
2116,2025-04-12,136,3
2117,2025-04-14,75,3
2118,2025-04-26,93,1
2119,2025-04-28,160,2
2120,2025-04-23,236,4
2121,2025-04-04,178,1
2122,2025-04-18,83,1
2123,2025-04-07,210,3
2124,2025-04-06,126,4
2125,2025-04-19,35,4
2126,2025-04-03,230,3
2127,2025-04-21,101,1
2128,2025-04-26,203,1
2129,2025-04-27,49,1
2130,2025-04-10,60,4
2131,2025-04-23,93,1
2132,2025-04-09,156,4
2133,2025-04-18,23,1
2134,2025-04-26,68,2
2135,2025-04-05,210,3
2136,2025-04-23,227,1
2137,2025-04-18,143,1
2138,2025-04-04,49,2
2139,2025-04-11,50,2
2140,2025-04-28,209,3
2141,2025-04-08,196,1
2142,2025-04-12,117,4
2143,2025-04-21,24,1
2144,2025-04-25,221,4
2145,2025-04-23,56,2
2146,2025-04-28,56,3
2147,2025-04-21,160,2
2148,2025-04-18,234,3
2149,2025-04-19,229,1
2150,2025-04-23,67,1
2151,2025-04-14,133,3
2152,2025-04-09,32,1
2153,2025-04-18,107,1
2154,2025-04-09,233,3
2155,2025-04-01,207,3
2156,2025-04-01,8,4
2157,2025-04-19,205,4
2158,2025-04-18,9,3
2159,2025-04-25,220,3
2160,2025-04-24,224,2
2161,2025-05-27,36,3
2162,2025-05-17,44,3
2163,2025-05-15,166,1
2164,2025-05-14,209,1
2165,2025-05-15,4,4
2166,2025-05-24,189,1
2167,2025-05-23,81,2
2168,2025-05-05,236,1
2169,2025-05-14,30,1
2170,2025-05-21,183,4
2171,2025-05-26,93,4
2172,2025-05-05,162,1
2173,2025-05-14,158,1
2174,2025-05-01,213,1
2175,2025-05-23,236,4
2176,2025-05-10,205,4
2177,2025-05-05,196,3
2178,2025-05-24,217,2
2179,2025-05-11,132,4
2180,2025-05-25,124,2
2181,2025-05-07,154,4
2182,2025-05-25,198,2
2183,2025-05-02,27,2
2184,2025-05-09,3,4
2185,2025-05-12,33,1
2186,2025-05-12,76,4
2187,2025-05-17,134,4
2188,2025-05-19,194,3
2189,2025-05-10,223,1
2190,2025-05-25,145,3
2191,2025-05-22,200,4
2192,2025-05-13,172,4
2193,2025-05-19,69,4
2194,2025-05-24,102,4
2195,2025-05-25,199,4
2196,2025-05-07,154,1
2197,2025-05-15,139,2
2198,2025-05-12,112,4
2199,2025-05-09,114,2
2200,2025-05-06,102,1
2201,2025-05-09,92,2
2202,2025-05-10,232,1
2203,2025-05-14,118,3
2204,2025-05-11,208,1
2205,2025-05-26,142,3
2206,2025-05-11,132,2
2207,2025-05-15,220,3
2208,2025-05-10,154,1
2209,2025-05-04,87,3
2210,2025-05-14,129,1
2211,2025-05-25,20,2
2212,2025-05-07,212,1
2213,2025-05-02,185,2
2214,2025-05-04,29,2
2215,2025-05-04,57,2
2216,2025-05-12,8,3
2217,2025-05-09,202,4
2218,2025-05-20,178,1
2219,2025-05-15,178,2
2220,2025-05-10,21,3
2221,2025-05-25,173,2
2222,2025-05-17,228,4
2223,2025-05-26,70,2
2224,2025-05-05,83,2
2225,2025-05-04,47,4
2226,2025-05-20,85,1
2227,2025-05-04,186,2
2228,2025-05-28,177,2
2229,2025-05-26,11,1
2230,2025-05-17,129,3
2231,2025-05-04,84,2
2232,2025-05-08,12,3
2233,2025-05-13,235,4
2234,2025-05-24,21,4
2235,2025-05-05,102,2
2236,2025-05-26,66,1
2237,2025-05-07,70,3
2238,2025-05-09,228,2
2239,2025-05-03,161,4
2240,2025-05-12,30,2
2241,2025-05-28,150,3
2242,2025-05-28,59,2
2243,2025-05-15,80,4
2244,2025-05-28,220,2
2245,2025-05-06,146,4
2246,2025-05-04,60,3
2247,2025-05-17,29,1
2248,2025-05-13,203,2
2249,2025-05-25,147,4
2250,2025-05-17,110,4
2251,2025-05-05,219,4
2252,2025-05-20,58,1
2253,2025-05-07,192,2
2254,2025-05-17,58,4
2255,2025-05-06,116,4
2256,2025-05-14,47,4
2257,2025-05-22,93,3
2258,2025-05-11,131,4
2259,2025-05-13,44,1
2260,2025-05-11,189,3
2261,2025-05-15,62,3
2262,2025-05-18,72,3
2263,2025-05-24,51,2
2264,2025-05-25,208,3
2265,2025-05-12,23,3
2266,2025-05-01,215,3
2267,2025-05-09,120,4
2268,2025-05-18,206,4
2269,2025-05-15,152,3
2270,2025-05-11,219,2
2271,2025-05-17,221,4
2272,2025-05-04,173,3
2273,2025-05-19,126,1
2274,2025-05-14,210,1
2275,2025-05-17,66,2
2276,2025-05-01,158,1
2277,2025-05-16,110,1
2278,2025-05-14,40,3
2279,2025-05-05,231,1
2280,2025-05-06,206,1
2281,2025-05-17,239,4
2282,2025-05-17,235,2
2283,2025-05-06,138,1
2284,2025-05-11,87,1
2285,2025-05-10,217,3
2286,2025-05-01,189,3
2287,2025-05-23,154,3
2288,2025-05-15,77,3
2289,2025-05-02,158,4
2290,2025-05-27,141,3
2291,2025-05-01,88,2
2292,2025-05-25,234,2
2293,2025-05-21,178,1
2294,2025-05-18,87,3
2295,2025-05-18,109,1
2296,2025-06-26,78,1
2297,2025-06-07,76,1
2298,2025-06-11,144,4
2299,2025-06-17,10,4
2300,2025-06-20,9,1
2301,2025-06-18,140,2
2302,2025-06-23,132,3
2303,2025-06-10,112,4
2304,2025-06-20,70,3
2305,2025-06-19,204,2
2306,2025-06-18,217,1
2307,2025-06-07,120,2
2308,2025-06-10,236,4
2309,2025-06-12,14,1
2310,2025-06-02,120,2
2311,2025-06-17,176,1
2312,2025-06-08,61,1
2313,2025-06-28,48,2
2314,2025-06-27,118,3
2315,2025-06-17,232,3
2316,2025-06-01,20,4
2317,2025-06-05,214,2
2318,2025-06-08,73,4
2319,2025-06-08,45,1
2320,2025-06-15,65,2
2321,2025-06-01,29,3
2322,2025-06-25,20,4
2323,2025-06-06,208,2
2324,2025-06-19,188,3
2325,2025-06-24,106,3
2326,2025-06-10,49,2
2327,2025-06-15,60,3
2328,2025-06-17,98,3
2329,2025-06-04,155,3
2330,2025-06-20,133,1
2331,2025-06-01,120,3
2332,2025-06-01,106,2
2333,2025-06-27,112,2
2334,2025-06-18,209,1
2335,2025-06-23,128,2
2336,2025-06-19,27,1
2337,2025-06-27,152,1
2338,2025-06-10,205,4
2339,2025-06-18,93,2
2340,2025-06-15,131,3
2341,2025-06-04,193,4
2342,2025-06-13,39,1
2343,2025-06-05,136,4
2344,2025-06-24,75,2
2345,2025-06-01,232,3
2346,2025-06-16,186,4
2347,2025-06-10,55,3
2348,2025-06-02,41,4
2349,2025-06-01,84,3
2350,2025-06-18,130,1
2351,2025-06-28,10,4
2352,2025-06-11,233,3
2353,2025-06-10,146,2
2354,2025-06-09,59,3
2355,2025-06-13,28,3
2356,2025-06-21,75,2
2357,2025-06-20,232,1
2358,2025-06-17,36,1
2359,2025-06-11,181,1
2360,2025-06-04,129,3
2361,2025-06-06,219,3
2362,2025-06-12,104,4
2363,2025-06-21,178,3
2364,2025-06-04,229,1
2365,2025-06-12,27,2
2366,2025-06-08,41,3
2367,2025-06-28,125,4
2368,2025-06-26,226,1
2369,2025-06-03,75,3
2370,2025-06-21,172,2
2371,2025-06-15,91,2
2372,2025-06-03,173,2
2373,2025-06-16,127,1
2374,2025-06-01,140,2
2375,2025-06-28,210,2
2376,2025-06-24,29,3
2377,2025-06-22,28,3
2378,2025-06-16,61,4
2379,2025-06-27,227,2
2380,2025-06-28,91,2
2381,2025-06-27,229,4
2382,2025-06-14,210,1
2383,2025-06-02,235,1
2384,2025-06-09,133,2
2385,2025-06-07,66,4
2386,2025-06-07,29,3
2387,2025-06-10,147,4
2388,2025-06-26,97,4
2389,2025-06-12,235,4
2390,2025-06-07,203,2
2391,2025-06-09,11,2
2392,2025-06-19,128,1
2393,2025-06-05,185,4
2394,2025-06-03,115,2
2395,2025-06-02,48,3
2396,2025-06-23,165,2
2397,2025-06-06,201,1
2398,2025-06-14,142,3
2399,2025-06-01,200,4
2400,2025-06-27,79,2
2401,2025-06-13,67,2
2402,2025-06-10,197,4
2403,2025-06-03,153,3
2404,2025-06-13,54,3
2405,2025-06-19,30,1
2406,2025-06-19,167,4
2407,2025-06-08,168,4
2408,2025-06-23,203,4
2409,2025-06-05,138,3
2410,2025-06-07,178,1
2411,2025-06-26,67,3
2412,2025-06-10,9,2
2413,2025-06-27,202,2
2414,2025-06-26,65,3
2415,2025-06-05,102,2
2416,2025-06-05,69,3
2417,2025-06-15,45,1
2418,2025-06-05,218,2
2419,2025-06-01,182,3
2420,2025-06-01,90,1
2421,2025-06-25,114,2
2422,2025-06-27,21,2
2423,2025-06-17,179,3
2424,2025-06-16,14,3
2425,2025-06-09,228,2
2426,2025-06-21,156,3
2427,2025-06-18,8,2
2428,2025-06-20,208,3
2429,2025-06-24,204,2
2430,2025-06-19,2,3
