location_name,month_start,discounted_sales,average_discount_pct,discount_rank
South Hub,2024-01-01,14869.75,4.53,1
North Hub,2024-01-01,16924.9,4.19,2
Central Hub,2024-01-01,15595.8,3.86,3
Coastal Hub,2024-01-01,12780.25,3.58,4
South Hub,2024-02-01,14599.4,4.34,1
Coastal Hub,2024-02-01,12832.25,3.92,2
Central Hub,2024-02-01,17622.05,3.63,3
North Hub,2024-02-01,9893.4,3.6,4
South Hub,2024-03-01,17751.3,4.07,1
North Hub,2024-03-01,17754.25,3.93,2
Central Hub,2024-03-01,16486.3,3.53,3
Coastal Hub,2024-03-01,15201.55,3.4,4
Central Hub,2024-04-01,17487.75,4.68,1
Coastal Hub,2024-04-01,19430.7,4.39,2
North Hub,2024-04-01,15602.85,3.82,3
South Hub,2024-04-01,11356.75,3.36,4
Central Hub,2024-05-01,15282.45,4.89,1
North Hub,2024-05-01,14213.25,4.39,2
South Hub,2024-05-01,12560.25,3.56,3
Coastal Hub,2024-05-01,14373.35,3.51,4
Central Hub,2024-06-01,14628.8,3.56,1
South Hub,2024-06-01,16293.55,3.56,1
Coastal Hub,2024-06-01,17046.15,3.29,3
North Hub,2024-06-01,16607.75,3.11,4
North Hub,2024-07-01,19562.55,4.59,1
Coastal Hub,2024-07-01,18223.75,4.25,2
South Hub,2024-07-01,11551.05,3.99,3
Central Hub,2024-07-01,15356.35,2.76,4
South Hub,2024-08-01,16273.0,4.43,1
North Hub,2024-08-01,16600.7,4.38,2
Coastal Hub,2024-08-01,16758.0,3.61,3
Central Hub,2024-08-01,13485.05,3.36,4
Coastal Hub,2024-09-01,12019.65,17.22,1
Central Hub,2024-09-01,16212.7,3.45,2
North Hub,2024-09-01,15242.95,3.0,3
South Hub,2024-09-01,8494.55,2.86,4
Coastal Hub,2024-10-01,9601.15,17.93,1
Central Hub,2024-10-01,15532.8,4.26,2
North Hub,2024-10-01,18195.05,3.51,3
South Hub,2024-10-01,15516.6,3.37,4
Coastal Hub,2024-11-01,16121.95,16.52,1
North Hub,2024-11-01,16777.7,4.11,2
Central Hub,2024-11-01,15740.7,4.06,3
South Hub,2024-11-01,12218.8,3.68,4
Coastal Hub,2024-12-01,17786.75,16.71,1
Central Hub,2024-12-01,12464.75,4.53,2
North Hub,2024-12-01,17755.6,4.0,3
South Hub,2024-12-01,12034.35,3.49,4
Coastal Hub,2025-01-01,10379.85,18.0,1
Central Hub,2025-01-01,16273.2,4.32,2
North Hub,2025-01-01,14352.0,4.01,3
South Hub,2025-01-01,14480.3,4.0,4
Coastal Hub,2025-02-01,11062.05,17.66,1
South Hub,2025-02-01,15604.6,4.14,2
Central Hub,2025-02-01,14852.8,3.49,3
North Hub,2025-02-01,17567.6,3.44,4
Coastal Hub,2025-03-01,13292.6,17.42,1
North Hub,2025-03-01,17974.45,4.47,2
Central Hub,2025-03-01,7660.9,3.56,3
South Hub,2025-03-01,17968.7,3.31,4
Coastal Hub,2025-04-01,9353.5,18.28,1
South Hub,2025-04-01,16851.55,4.32,2
North Hub,2025-04-01,18959.85,3.72,3
Central Hub,2025-04-01,15950.9,3.51,4
Coastal Hub,2025-05-01,12210.1,17.69,1
South Hub,2025-05-01,13289.25,4.46,2
Central Hub,2025-05-01,17227.75,3.47,3
North Hub,2025-05-01,15544.05,3.46,4
Coastal Hub,2025-06-01,9193.5,18.48,1
North Hub,2025-06-01,12707.25,4.1,2
Central Hub,2025-06-01,17971.0,3.5,3
South Hub,2025-06-01,19911.7,3.5,4
