month_start,net_revenue,contribution,contribution_margin_pct
2024-01-01,59129.35,10562.95,17.86
2024-02-01,53967.6,8188.52,15.17
2024-03-01,65001.7,12935.62,19.9
2024-04-01,62535.95,12847.22,20.54
2024-05-01,55315.85,8783.16,15.88
2024-06-01,63181.15,12522.78,19.82
2024-07-01,63618.15,13094.95,20.58
2024-08-01,61931.95,11771.46,19.01
2024-09-01,50767.0,5668.09,11.16
2024-10-01,57783.4,5552.21,9.61
2024-11-01,59038.8,5513.19,9.34
2024-12-01,56749.35,3202.32,5.64
2025-01-01,52624.55,1838.28,3.49
2025-02-01,56272.05,2905.19,5.16
2025-03-01,54832.9,2106.84,3.84
2025-04-01,58376.55,3868.77,6.63
2025-05-01,55743.1,1893.34,3.4
2025-06-01,57752.1,2656.16,4.6
